Instance;Random: best;Random: worst;Random: avg;Random: std;Greedy: best;Greedy: worst;Greedy: avg;Greedy: std;Evolutionary: best;Evolutionary: worst;Evolutionary: avg;Evolutionary: std;Tabu: best;Tabu: worst;Tabu: avg;Tabu: std
./src/problem-instances/A-n32-k5.txt;1319.1367;2274.874;1811.361;129.51678;720.2039;945.806;868.4391;57.642387;662.26416;758.0804;711.17804;23.45368;761.7101;923.18353;851.1652;55.03301
./src/problem-instances/A-n37-k5.txt;1502.4027;2358.654;1943.1118;117.16752;847.35297;1080.6611;948.5505;53.029884;704.28705;812.47485;748.53015;33.980118;781.01935;996.48914;888.51776;62.71379
./src/problem-instances/A-n39-k5.txt;1593.4574;2602.0532;2180.3894;129.27553;963.5239;1209.0375;1059.0262;62.54321;873.8997;958.96295;912.8792;29.87675;919.94336;1063.4076;998.2902;45.699726
./src/problem-instances/A-n45-k7.txt;2120.3608;3169.72;2661.4578;147.2379;1370.095;1587.4244;1460.5675;49.77483;1223.4751;1344.6261;1289.2981;29.905418;1272.1096;1424.4634;1353.9752;54.312458
./src/problem-instances/A-n48-k7.txt;2250.7578;3628.0654;2939.7837;169.55168;1377.8966;1582.3815;1466.4747;51.199715;1219.9109;1380.8304;1281.3619;44.301033;1280.3043;1437.3531;1346.5963;47.684883
./src/problem-instances/A-n54-k7.txt;2613.2605;3940.801;3292.7754;172.43451;1386.3345;1658.5239;1485.6418;69.292915;1316.16;1467.1858;1407.5525;49.872448;1411.2654;1579.6909;1495.4379;50.7771
./src/problem-instances/A-n60-k9.txt;3050.983;4390.3267;3704.4043;175.6634;1735.9318;2028.453;1870.5842;47.314255;1541.8147;1661.998;1596.0847;35.265533;1671.9618;1828.0542;1726.7924;52.36154
